<?xml version="1.0" encoding="UTF-8"?>
<project-private xmlns="http://www.netbeans.org/ns/project-private/1">
    <editor-bookmarks xmlns="http://www.netbeans.org/ns/editor-bookmarks/2" lastBookmarkId="0"/>
    <open-files xmlns="http://www.netbeans.org/ns/projectui-open-files/2">
        <group>
            <file>file:/D:/study/netbeans%20codes/transport/web/booked_date.jsp</file>
            <file>file:/D:/study/netbeans%20codes/transport/web/css/service.css</file>
            <file>file:/D:/study/netbeans%20codes/transport/src/java/com/hiber/Addadmin.hbm.xml</file>
            <file>file:/D:/study/netbeans%20codes/transport/web/css/feedback.css</file>
            <file>file:/D:/study/netbeans%20codes/transport/src/java/com/servlet/feedback.java</file>
            <file>file:/D:/study/netbeans%20codes/transport/src/java/com/servlet/AddService.java</file>
            <file>file:/D:/study/netbeans%20codes/transport/web/manage_user.jsp</file>
            <file>file:/D:/study/netbeans%20codes/transport/web/css/admin_home.css</file>
            <file>file:/D:/study/netbeans%20codes/transport/src/java/com/hiber/Truck.java</file>
            <file>file:/D:/study/netbeans%20codes/transport/web/signup.jsp</file>
            <file>file:/D:/study/netbeans%20codes/transport/src/java/com/hiber/Book.java</file>
            <file>file:/D:/study/netbeans%20codes/transport/web/user_booked.jsp</file>
            <file>file:/D:/study/netbeans%20codes/transport/web/admin_logout.jsp</file>
            <file>file:/D:/study/netbeans%20codes/transport/web/information.jsp</file>
            <file>file:/D:/study/netbeans%20codes/transport/web/service_suc.html</file>
            <file>file:/D:/study/netbeans%20codes/transport/src/java/com/hiber/Counts.java</file>
            <file>file:/D:/study/netbeans%20codes/transport/web/css/user_navbar.css</file>
            <file>file:/D:/study/netbeans%20codes/transport/src/java/com/servlet/Alogin.java</file>
            <file>file:/D:/study/netbeans%20codes/transport/web/admin_profile.jsp</file>
            <file>file:/D:/study/netbeans%20codes/transport/web/read_feedback.jsp</file>
            <file>file:/D:/study/netbeans%20codes/transport/web/admin_home.jsp</file>
            <file>file:/D:/study/netbeans%20codes/transport/src/java/com/hiber/Book.hbm.xml</file>
            <file>file:/D:/study/netbeans%20codes/transport/src/java/com/servlet/Ulogin.java</file>
            <file>file:/D:/study/netbeans%20codes/transport/web/add_admin.jsp</file>
            <file>file:/D:/study/netbeans%20codes/transport/web/css/signup.css</file>
            <file>file:/D:/study/netbeans%20codes/transport/src/java/hibernate.cfg.xml</file>
            <file>file:/D:/study/netbeans%20codes/transport/web/update_details.jsp</file>
            <file>file:/D:/study/netbeans%20codes/transport/web/user_feedback.jsp</file>
            <file>file:/D:/study/netbeans%20codes/transport/src/java/com/hiber/Feedback.hbm.xml</file>
            <file>file:/D:/study/netbeans%20codes/transport/web/user_logout.jsp</file>
            <file>file:/D:/study/netbeans%20codes/transport/web/book.jsp</file>
            <file>file:/D:/study/netbeans%20codes/transport/web/home.jsp</file>
            <file>file:/D:/study/netbeans%20codes/transport/web/css/login.css</file>
            <file>file:/D:/study/netbeans%20codes/transport/web/admin_navbar.jsp</file>
            <file>file:/D:/study/netbeans%20codes/transport/web/user_navbar.jsp</file>
            <file>file:/D:/study/netbeans%20codes/transport/web/add_service.jsp</file>
            <file>file:/D:/study/netbeans%20codes/transport/src/java/com/hiber/Truck.hbm.xml</file>
            <file>file:/D:/study/netbeans%20codes/transport/web/css/rfeedback.css</file>
            <file>file:/D:/study/netbeans%20codes/transport/web/login.jsp</file>
            <file>file:/D:/study/netbeans%20codes/transport/web/success.html</file>
            <file>file:/D:/study/netbeans%20codes/transport/web/user_profile.jsp</file>
            <file>file:/D:/study/netbeans%20codes/transport/web/delete_admin.jsp</file>
            <file>file:/D:/study/netbeans%20codes/transport/src/java/com/hiber/Addadmin.java</file>
            <file>file:/D:/study/netbeans%20codes/transport/web/searching.jsp</file>
            <file>file:/D:/study/netbeans%20codes/transport/src/java/com/servlet/Alogout.java</file>
            <file>file:/D:/study/netbeans%20codes/transport/src/java/com/hiber/Feedback.java</file>
            <file>file:/D:/study/netbeans%20codes/transport/web/search.jsp</file>
            <file>file:/D:/study/netbeans%20codes/transport/src/java/com/normal/Count.java</file>
            <file>file:/D:/study/netbeans%20codes/transport/src/java/com/hiber/hibernate.reveng.xml</file>
            <file>file:/D:/study/netbeans%20codes/transport/web/booked_service.jsp</file>
            <file>file:/D:/study/netbeans%20codes/transport/web/login_admin.jsp</file>
            <file>file:/D:/study/netbeans%20codes/transport/src/java/com/hiber/Register.java</file>
            <file>file:/D:/study/netbeans%20codes/transport/src/java/com/hiber/Register.hbm.xml</file>
        </group>
    </open-files>
</project-private>
