<?xml version="1.0"?>
<!DOCTYPE hibernate-mapping PUBLIC "-//Hibernate/Hibernate Mapping DTD 3.0//EN"
"http://www.hibernate.org/dtd/hibernate-mapping-3.0.dtd">
<!-- Generated Apr 21, 2020 4:38:15 PM by Hibernate Tools 4.3.1 -->
<hibernate-mapping>
    <class name="com.hiber.Book" table="book" catalog="transport" optimistic-lock="version">
        <id name="bookId" type="java.lang.Integer">
            <column name="book_id" />
            <generator class="identity" />
        </id>
        <property name="email" type="string">
            <column name="email" />
        </property>
        <property name="dateofbook" type="string">
            <column name="dateofbook" />
        </property>
        <property name="datemili" type="string">
            <column name="datemili" />
        </property>
        <property name="address" type="string">
            <column name="address" />
        </property>
        <property name="quantity" type="string">
            <column name="quantity" />
        </property>
        <property name="dateAtWant" type="string">
            <column name="date_at_want" />
        </property>
        <property name="dateAtWantmili" type="string">
            <column name="date_at_wantmili" />
        </property>
        <property name="timeAtWant" type="string">
            <column name="time_at_want" />
        </property>
        <property name="addressAtWant" type="string">
            <column name="address_at_want" />
        </property>
        <property name="userId" type="java.lang.Integer">
            <column name="user_id" />
        </property>
        <property name="city" type="string">
            <column name="city" />
        </property>
        <property name="subCity" type="string">
            <column name="subCity" />
        </property>
        <property name="truckCompany" type="string">
            <column name="truckCompany" />
        </property>
        <property name="bornb" type="string">
            <column name="bornb" />
        </property>
    </class>
</hibernate-mapping>
